Nodes total,Nodes during each observation,Broken frames due to collision,Completed transmissions
100000,1.97,18,36
101000,2.03,22,29
102000,2,8,37
103000,2.05,11,30
104000,2.02,12,33
105000,2.17,24,30
106000,2.27,24,37
107000,2.15,19,30
108000,2.29,19,39
109000,2.19,25,36
110000,2.24,25,35
111000,2.3,25,33
112000,2.25,25,36
113000,2.11,10,41
114000,2.34,27,29
115000,2.31,11,36
116000,2.35,20,40
117000,2.26,26,28
118000,2.43,28,33
119000,2.35,36,33
120000,2.14,24,36
121000,2.59,39,34
122000,2.51,22,34
123000,2.38,20,43
124000,2.41,18,35
125000,2.42,32,33
126000,2.54,24,42
127000,2.64,15,43
128000,2.54,19,41
129000,2.63,40,27
130000,2.58,39,31
131000,2.53,22,32
132000,2.69,21,39
133000,2.69,24,40
134000,2.77,30,36
135000,2.68,40,35
136000,2.82,30,40
137000,2.96,37,40
138000,2.72,12,41
139000,2.77,39,35
140000,2.81,48,30
141000,2.84,29,32
142000,3.06,44,46
143000,2.69,38,46
144000,3.06,50,33
145000,2.96,24,54
146000,2.86,39,29
147000,3.1,27,41
148000,3.17,47,33
149000,2.95,25,37
150000,2.93,29,33
151000,3.13,43,43
152000,3.01,30,46
153000,2.94,25,44
154000,3.27,48,50
155000,3.06,26,38
156000,3.19,38,42
157000,3.25,51,37
158000,3.02,35,39
159000,3.04,43,36
160000,3.11,23,45
161000,3.25,35,38
162000,3.36,33,51
163000,3.31,56,35
164000,3.53,43,44
165000,3.41,58,38
166000,3.35,50,39
167000,3.36,46,38
168000,3.28,40,36
169000,3.43,46,43
170000,3.32,36,42
171000,3.57,46,31
172000,3.34,50,34
173000,3.42,53,44
174000,3.49,62,35
175000,3.51,48,39
176000,3.68,54,44
177000,3.62,52,36
178000,3.51,55,38
179000,3.68,55,36
180000,3.71,54,41
181000,3.66,49,42
182000,3.54,47,45
183000,3.67,55,43
184000,3.52,66,35
185000,3.75,31,38
186000,3.88,59,42
187000,3.84,63,39
188000,3.69,62,33
189000,3.82,72,38
190000,3.86,48,39
191000,3.87,59,42
192000,3.98,58,41
193000,3.86,64,45
194000,3.68,39,38
195000,3.79,58,44
196000,3.83,53,46
197000,3.81,60,37
198000,4.05,59,38
199000,3.97,56,37
200000,4.14,62,43
201000,4.02,77,40
202000,4.25,78,35
203000,4.02,43,36
204000,4.26,46,44
205000,4.15,75,49
206000,4.06,51,39
207000,4.04,65,40
208000,4.27,58,37
209000,4.28,92,42
210000,4.09,70,37
211000,4.22,65,36
212000,4.3,74,34
213000,4.26,55,46
214000,4.29,56,43
215000,4.23,65,42
216000,4.56,69,39
217000,4.47,72,42
218000,4.28,51,45
219000,4.46,82,39
220000,4.41,80,34
221000,4.47,67,43
222000,4.35,69,41
223000,4.65,72,38
224000,4.42,94,31
225000,4.55,80,41
226000,4.75,75,36
227000,4.56,69,43
228000,4.59,86,40
229000,4.64,53,38
230000,4.67,60,36
231000,4.66,88,39
232000,4.55,74,41
233000,4.63,77,43
234000,4.8,87,42
235000,4.76,67,40
236000,4.88,79,38
237000,4.95,100,36
238000,4.82,87,41
239000,4.83,78,41
240000,4.85,71,35
241000,4.93,69,48
242000,4.88,68,45
243000,4.83,81,44
244000,4.82,92,42
245000,4.84,94,40
246000,4.89,85,39
247000,4.94,81,41
248000,5.03,86,37
249000,5,92,39
250000,5.09,118,28
251000,4.93,99,43
252000,5.13,95,39
253000,5.19,87,39
254000,5.16,80,42
255000,5.08,71,40
256000,5.24,87,47
257000,5.26,105,38
258000,5.22,84,39
259000,5.16,83,39
260000,5.32,93,45
261000,5.29,95,38
262000,5.25,96,42
263000,5.28,98,33
264000,5.36,113,29
265000,5.28,105,32
266000,5.37,90,36
267000,5.32,92,35
268000,5.56,136,30
269000,5.51,103,34
270000,5.47,98,45
271000,5.44,98,41
272000,5.57,103,41
273000,5.34,92,42
274000,5.51,112,33
275000,5.5,112,36
276000,5.43,85,31
277000,5.69,139,39
278000,5.78,110,36
279000,5.72,112,38
280000,5.6,105,41
281000,5.59,112,36
282000,5.61,122,31
283000,5.44,118,33
284000,5.7,115,41
285000,5.77,115,36
286000,5.81,120,32
287000,5.82,125,31
288000,5.89,114,38
289000,5.78,111,33
290000,5.88,124,33
291000,5.99,138,30
292000,5.98,88,47
293000,5.92,127,33
294000,5.93,114,36
295000,5.92,138,30
296000,5.72,113,32
297000,6.05,116,34
298000,5.9,123,35
299000,5.93,99,44
300000,6.08,117,32
301000,6.01,110,34
302000,5.89,94,41
303000,5.99,105,40
304000,6.11,129,27
305000,6.25,121,33
306000,6.35,157,24
307000,6.24,129,34
308000,6.22,137,31
309000,6.08,126,36
310000,6.24,110,34
311000,6.43,133,31
312000,6.36,145,28
313000,6.24,128,29
314000,6.18,122,35
315000,6.48,133,36
316000,6.33,119,35
317000,6.38,109,35
318000,6.36,143,28
319000,6.36,149,28
320000,6.54,126,36
321000,6.49,117,37
322000,6.48,147,31
323000,6.61,149,29
324000,6.61,128,38
325000,6.51,129,32
326000,6.56,101,34
327000,6.57,133,31
328000,6.5,117,37
329000,6.69,120,38
330000,6.47,129,33
331000,6.6,130,27
332000,6.61,149,26
333000,6.77,140,34
334000,6.64,135,28
335000,6.94,140,35
336000,6.93,140,32
337000,6.73,117,36
338000,6.66,129,39
339000,6.94,139,36
340000,6.92,150,32
341000,6.71,152,36
342000,6.9,171,28
343000,7.04,142,29
344000,7.02,155,23
345000,6.87,145,33
346000,7.22,149,32
347000,7.04,133,35
348000,6.99,123,36
349000,7.17,136,37
350000,7.2,147,30
351000,7.25,158,30
352000,7.32,133,33
353000,7.15,141,30
354000,7.03,158,35
355000,7.05,131,35
356000,7.18,153,28
357000,7.3,134,30
358000,7.36,168,25
359000,7.33,175,26
360000,7.26,150,38
361000,7.11,153,32
362000,7.43,149,33
363000,7.28,137,33
364000,7.27,149,29
365000,7.36,127,38
366000,7.36,164,20
367000,7.42,165,30
368000,7.39,169,27
369000,7.17,131,34
370000,7.4,158,31
371000,7.56,169,31
372000,7.58,144,30
373000,7.47,155,33
374000,7.57,167,24
375000,7.65,151,37
376000,7.58,142,36
377000,7.62,170,31
378000,7.67,169,27
379000,7.8,177,28
380000,7.44,141,33
381000,7.83,182,25
382000,7.61,170,31
383000,7.86,169,27
384000,7.8,194,23
385000,7.84,158,32
386000,7.85,176,24
387000,7.85,173,32
388000,7.81,160,24
389000,7.95,176,24
390000,7.91,159,29
391000,8.1,190,24
392000,8.02,177,27
393000,7.82,200,29
394000,8.09,174,26
395000,8.02,171,28
396000,7.85,185,24
397000,8.17,185,26
398000,7.96,175,27
399000,8.1,132,34
400000,8.11,204,25
401000,7.95,196,19
402000,8.1,168,35
403000,8.24,189,24
404000,8.05,164,30
405000,8.2,189,23
406000,8.01,157,31
407000,8.24,168,32
408000,8.31,198,22
409000,8.26,172,34
410000,8.34,193,24
411000,8.51,181,29
412000,8.27,184,30
413000,8.44,201,20
414000,8.19,196,20
415000,8.47,165,32
416000,8.59,216,20
417000,8.28,174,31
418000,8.29,202,22
419000,8.49,164,31
420000,8.49,181,30
421000,8.51,187,24
422000,8.5,170,32
423000,8.48,179,22
424000,8.65,173,27
425000,8.59,190,21
426000,8.48,192,25
427000,8.73,194,24
428000,8.62,181,30
429000,8.69,203,19
430000,8.66,180,27
431000,8.63,211,23
432000,8.78,200,26
433000,8.77,213,21
434000,8.82,189,23
435000,8.79,203,16
436000,8.73,156,23
437000,8.72,197,26
438000,8.92,185,26
439000,8.71,212,19
440000,8.78,209,21
441000,8.86,211,23
442000,8.84,201,22
443000,8.98,222,20
444000,9.33,209,22
445000,8.86,203,23
446000,8.86,175,28
447000,8.81,209,23
448000,9.16,197,25
449000,9.14,204,22
450000,8.97,202,22
451000,8.87,207,28
452000,9.23,231,16
453000,9.33,243,19
454000,9.16,229,22
455000,9.32,213,19
456000,9.22,211,22
457000,9.18,214,18
458000,9.23,224,22
459000,9.3,203,26
460000,9.26,225,24
461000,9.28,240,18
462000,9.35,215,20
463000,9.45,236,19
464000,9.31,258,14
465000,9.25,218,25
466000,9.28,198,26
467000,9.43,231,20
468000,9.51,237,19
469000,9.56,200,29
470000,9.48,228,18
471000,9.62,215,26
472000,9.69,225,23
473000,9.34,193,32
474000,9.67,233,21
475000,9.47,228,20
476000,9.59,211,22
477000,9.67,193,27
478000,9.6,237,19
479000,9.59,228,22
480000,9.6,212,15
481000,9.67,227,18
482000,9.86,208,27
483000,9.83,239,22
484000,9.73,222,25
485000,9.73,213,23
486000,9.66,242,15
487000,9.94,242,23
488000,9.7,214,19
489000,9.72,246,20
490000,9.99,226,20
491000,9.86,213,22
492000,10.04,227,19
493000,9.87,236,16
494000,9.89,224,21
495000,10.03,221,18
496000,10.01,225,21
497000,9.85,245,19
498000,9.83,222,18
499000,10.04,234,19
500000,10.12,234,17
501000,10.05,247,20
502000,10.1,230,14
503000,10.18,236,21
504000,10.21,251,18
505000,10.28,280,15
506000,10.17,259,15
507000,10.12,221,22
508000,10.3,246,21
509000,10.35,220,21
510000,10.37,250,19
511000,10.35,229,20
512000,10.3,257,19
513000,10.38,207,26
514000,10.42,212,24
515000,10.21,246,22
516000,10.44,254,21
517000,10.37,258,19
518000,10.76,248,21
519000,10.42,245,20
520000,10.75,250,18
521000,10.53,248,20
522000,10.54,246,19
523000,10.67,271,14
524000,10.51,242,19
525000,10.62,239,24
526000,10.57,248,22
527000,10.72,300,10
528000,10.69,237,21
529000,10.74,268,16
530000,10.79,267,14
531000,10.71,240,18
532000,10.82,232,20
533000,10.75,259,15
534000,10.76,262,16
535000,10.57,225,25
536000,10.89,256,20
537000,10.94,260,15
538000,10.59,250,15
539000,10.86,274,17
540000,10.93,267,19
541000,11.02,270,19
542000,10.88,227,26
543000,11.09,292,20
544000,11.19,289,14
545000,10.82,250,17
546000,11.17,283,17
547000,10.87,288,9
548000,10.95,256,19
549000,11.15,242,21
550000,11.03,248,20
551000,11.03,214,17
552000,11.26,268,15
553000,11.14,291,16
554000,11.35,263,22
555000,11.08,252,15
556000,11.37,293,13
557000,11.1,294,17
558000,11.21,248,19
559000,11.33,293,11
560000,11.22,257,20
561000,11.23,273,19
562000,11.17,261,19
563000,11.51,262,21
564000,11.25,257,17
565000,11.72,292,12
566000,11.34,302,13
567000,11.33,282,14
568000,11.47,240,15
569000,11.61,297,13
570000,11.57,306,9
571000,11.64,235,27
572000,11.57,265,19
573000,11.62,274,19
574000,11.5,285,16
575000,11.5,295,9
576000,11.61,298,11
577000,11.57,277,17
578000,11.78,307,10
579000,11.51,268,18
580000,11.72,279,12
581000,11.83,254,21
582000,11.59,323,10
583000,11.81,288,13
584000,11.95,299,17
585000,11.76,293,10
586000,11.94,307,10
587000,11.91,276,12
588000,12.08,303,12
589000,12.01,270,17
590000,11.83,268,19
591000,11.83,279,16
592000,12.09,278,13
593000,11.92,297,9
594000,12.05,284,18
595000,12.21,295,17
596000,12.09,305,17
597000,12.13,295,16
598000,12,295,11
599000,12.14,306,13
600000,12.05,303,12
601000,12.15,281,23
602000,12.13,287,20
603000,12.31,338,14
604000,12.09,295,15
605000,12.28,316,13
606000,12.16,301,14
607000,12.17,306,16
608000,12.49,320,11
609000,12.09,313,15
610000,12.2,279,15
611000,12.36,323,8
612000,12.46,299,14
613000,12.31,298,18
614000,12.46,308,11
615000,12.48,314,19
616000,12.28,314,15
617000,12.59,261,18
618000,12.57,338,11
619000,12.6,329,12
620000,12.57,293,17
621000,12.32,295,10
622000,12.59,298,14
623000,12.44,306,14
624000,12.73,295,14
625000,12.57,301,12
626000,12.35,304,15
627000,12.68,306,13
628000,12.78,325,10
629000,12.83,333,13
630000,12.61,296,15
631000,12.97,311,12
632000,12.86,295,17
633000,12.91,306,19
634000,12.67,282,12
635000,12.74,312,11
636000,12.82,342,8
637000,13.17,297,18
638000,12.87,287,14
639000,12.9,304,19
640000,13.06,311,18
641000,12.91,321,14
642000,13.02,313,14
643000,13.26,344,5
644000,13.1,310,8
645000,13.2,304,14
646000,13.13,304,13
647000,12.85,308,14
648000,13,322,18
649000,13.14,325,11
650000,13.19,322,12
651000,13.11,319,17
652000,13.13,329,9
653000,12.99,282,13
654000,13.52,314,11
655000,13.16,307,11
656000,13.28,309,19
657000,13.41,287,16
658000,13.42,312,15
659000,13.37,320,11
660000,13.32,329,10
661000,13.31,327,14
662000,13.39,303,12
663000,13.52,333,13
664000,13.32,325,12
665000,13.67,347,14
666000,13.48,313,14
667000,13.08,305,17
668000,13.63,312,12
669000,13.52,356,10
670000,13.5,321,20
671000,13.46,346,13
672000,13.59,328,9
673000,13.7,325,15
674000,13.46,358,10
675000,13.68,337,10
676000,13.84,309,10
677000,13.5,324,7
678000,13.7,299,17
679000,13.95,332,12
680000,13.73,323,14
681000,13.55,316,16
682000,13.66,359,15
683000,13.85,338,14
684000,13.92,356,9
685000,13.77,302,12
686000,13.9,327,15
687000,13.96,353,6
688000,13.87,316,17
689000,13.9,355,17
690000,13.85,331,12
691000,13.99,337,17
692000,13.92,332,18
693000,14.02,299,17
694000,13.96,347,11
695000,14.01,337,9
696000,14.1,348,11
697000,14.09,350,9
698000,13.95,367,12
699000,14.04,325,19
700000,14.17,353,14
701000,14.08,342,12
702000,14.39,311,9
703000,14.1,346,9
704000,14.22,336,12
705000,14.29,346,14
706000,14.31,347,13
707000,14.33,370,9
708000,14.07,353,12
709000,14.4,334,7
710000,14.33,359,5
711000,14.29,345,16
712000,14.37,360,14
713000,14.51,318,12
714000,14.35,372,9
715000,14.43,345,15
716000,14.42,365,11
717000,14.5,382,12
718000,14.46,346,16
719000,14.58,385,9
720000,14.52,329,11
721000,14.51,346,9
722000,14.6,365,14
723000,14.72,377,10
724000,14.78,353,13
725000,14.68,359,10
726000,14.44,363,14
727000,14.57,339,10
728000,14.47,351,15
729000,14.69,379,11
730000,14.78,360,5
731000,14.78,344,10
732000,14.77,354,9
733000,14.77,357,12
734000,14.85,346,10
735000,14.9,365,9
736000,14.81,356,14
737000,15.06,391,13
738000,14.85,381,6
739000,14.95,355,11
740000,14.86,363,15
741000,14.96,348,16
742000,15,368,6
743000,14.97,370,8
744000,15,357,8
745000,15.2,395,6
746000,15.19,362,12
747000,15.03,336,14
748000,15.13,353,10
749000,15.21,373,6
750000,15,388,11
751000,15.02,374,11
752000,15.2,364,9
753000,15.11,388,7
754000,15.1,377,8
755000,15.33,350,8
756000,15.17,391,15
757000,15.42,386,11
758000,15.35,380,13
759000,15.5,392,7
760000,15.27,333,11
761000,15.46,378,13
762000,15.22,386,12
763000,15.45,360,12
764000,15.34,349,14
765000,15.38,383,10
766000,15.43,391,1
767000,15.38,372,9
768000,15.54,370,17
769000,15.49,385,9
770000,15.52,360,9
771000,15.6,368,12
772000,15.55,385,7
773000,15.55,414,8
774000,15.66,376,8
775000,15.8,408,12
776000,15.77,362,11
777000,15.47,395,16
778000,15.61,390,9
779000,16.02,398,11
780000,15.82,379,9
781000,15.64,408,8
782000,15.89,424,7
783000,15.82,384,8
784000,15.82,387,8
785000,15.92,435,9
786000,15.94,409,6
787000,16,366,10
788000,15.99,385,10
789000,15.77,412,11
790000,15.87,431,10
791000,16.02,424,5
792000,16.09,397,6
793000,16.08,390,12
794000,16.03,380,8
795000,16.1,396,10
796000,16.04,413,7
797000,16.16,407,10
798000,16.25,399,9
799000,16.19,382,10
800000,16.13,370,15
801000,16.14,419,4
802000,16.08,391,13
803000,16.15,371,12
804000,16.31,388,15
805000,16.34,377,13
806000,16.27,388,8
807000,16.31,397,13
808000,16.27,408,10
809000,16.36,407,9
810000,16.52,407,7
811000,16.47,420,5
812000,16.52,397,11
813000,16.46,395,8
814000,16.5,393,6
815000,16.41,379,9
816000,16.38,410,10
817000,16.45,418,5
818000,16.47,402,12
819000,16.64,439,9
820000,16.53,386,10
821000,16.45,380,11
822000,16.59,403,3
823000,16.74,466,3
824000,16.54,408,8
825000,16.71,393,9
826000,16.7,443,9
827000,16.61,428,10
828000,16.75,412,11
829000,16.84,456,9
830000,16.67,423,4
831000,16.73,411,5
832000,16.78,420,9
833000,16.95,419,10
834000,16.85,400,16
835000,16.86,416,6
836000,16.83,398,4
837000,16.95,411,7
838000,16.88,423,2
839000,16.81,425,5
840000,16.92,393,10
841000,17.03,429,8
842000,16.85,406,11
843000,16.91,386,17
844000,17.09,435,6
845000,16.93,411,14
846000,16.89,401,6
847000,17.02,428,11
848000,17.09,450,7
849000,17.1,445,10
850000,17.21,430,8
851000,17.22,430,11
852000,17.15,418,13
853000,17.23,390,6
854000,17.15,447,5
855000,17.39,463,10
856000,17.18,414,12
857000,17.23,405,12
858000,17.47,436,11
859000,17.57,466,8
860000,17.31,425,8
861000,17.38,452,6
862000,17.63,427,6
863000,17.4,445,7
864000,17.35,422,9
865000,17.42,434,9
866000,17.44,487,9
867000,17.36,458,9
868000,17.48,438,11
869000,17.49,420,6
870000,17.52,434,8
871000,17.51,396,7
872000,17.58,455,9
873000,17.5,438,11
874000,17.78,452,7
875000,17.62,411,10
876000,17.71,487,7
877000,17.77,443,10
878000,17.55,405,7
879000,17.7,452,8
880000,17.94,424,9
881000,17.7,436,7
882000,17.75,453,3
883000,17.9,450,5
884000,17.79,439,10
885000,17.97,480,10
886000,17.94,438,8
887000,17.9,435,12
888000,17.99,451,5
889000,17.91,455,6
890000,17.96,469,6
891000,17.75,446,9
892000,17.97,417,10
893000,18.11,440,8
894000,17.94,420,10
895000,17.93,453,5
896000,18.09,449,8
897000,18.19,405,11
898000,18.21,435,7
899000,18.23,463,10
900000,18.12,467,8
901000,18,464,7
902000,18.27,468,10
903000,18.29,460,7
904000,18.24,459,8
905000,18.32,463,7
906000,18.35,500,4
907000,18.35,454,11
908000,18.46,480,7
909000,18.33,441,11
910000,18.3,460,6
911000,18.36,444,10
912000,18.3,464,7
913000,18.44,499,8
914000,18.48,497,12
915000,18.52,468,6
916000,18.54,435,10
917000,18.55,494,4
918000,18.5,493,6
919000,18.44,439,5
920000,18.47,444,7
921000,18.55,481,5
922000,18.62,464,14
923000,18.89,464,11
924000,18.72,474,9
925000,18.56,495,8
926000,18.7,453,7
927000,18.55,460,7
928000,18.8,478,8
929000,18.75,511,8
930000,18.93,448,5
931000,18.91,471,8
932000,18.9,490,5
933000,18.86,491,5
934000,18.73,472,9
935000,18.85,463,2
936000,18.94,466,8
937000,18.91,486,6
938000,18.67,479,5
939000,18.91,459,12
940000,18.95,474,9
941000,19.04,474,6
942000,18.89,463,9
943000,18.92,487,6
944000,19.06,490,4
945000,19.02,472,11
946000,19.13,483,11
947000,19.01,487,10
948000,19,517,9
949000,19.21,470,8
950000,19.05,480,4
951000,19.13,515,7
952000,19.27,477,8
953000,19.34,497,7
954000,19.26,481,6
955000,19.24,474,9
956000,19.14,444,5
957000,19.33,504,6
958000,19.19,473,3
959000,19.56,472,9
960000,19.35,479,5
961000,19.47,469,3
962000,19.37,508,2
963000,19.48,480,5
964000,19.44,497,7
965000,19.46,439,9
966000,19.45,484,8
967000,19.38,493,9
968000,19.6,494,6
969000,19.51,509,7
970000,19.42,506,8
971000,19.62,516,8
972000,19.67,502,8
973000,19.75,499,10
974000,19.85,465,11
975000,19.86,494,6
976000,19.62,499,8
977000,19.78,490,11
978000,19.91,488,10
979000,19.96,484,7
980000,19.85,488,7
981000,19.83,508,5
982000,19.79,519,8
983000,19.83,463,9
984000,19.88,503,5
985000,19.81,496,14
986000,19.87,493,7
987000,19.95,468,7
988000,19.96,449,8
989000,20.13,499,5
990000,19.88,492,12
991000,20.21,488,12
992000,20.01,518,3
993000,19.97,478,4
994000,20.19,491,9
995000,20,484,7
996000,20.16,511,10
997000,20.11,490,7
998000,20.18,484,9
999000,20.13,483,10
1000000,20.11,504,5
1001000,20.09,486,6
1002000,20.26,486,8
1003000,20.36,515,8
1004000,20.3,481,9
1005000,20.11,484,9
1006000,20.37,505,6
1007000,20.43,494,8
1008000,20.19,515,8
1009000,20.62,506,4
1010000,20.35,511,9
1011000,20.46,489,6
1012000,20.53,529,4
1013000,20.43,501,14
1014000,20.39,492,9
1015000,20.47,510,9
1016000,20.58,527,10
1017000,20.64,494,5
1018000,20.59,512,9
1019000,20.51,520,5
1020000,20.53,514,6
1021000,20.59,480,7
1022000,20.52,499,12
1023000,20.55,531,5
1024000,20.8,500,2
1025000,20.67,494,7
1026000,20.77,516,5
1027000,20.87,482,5
1028000,20.66,522,6
1029000,20.69,509,9
1030000,20.71,487,10
1031000,20.68,491,12
1032000,20.9,501,3
1033000,20.98,504,6
1034000,20.76,500,2
1035000,20.87,564,10
1036000,20.66,559,0
1037000,21.02,499,8
1038000,20.98,540,6
1039000,21.04,527,7
1040000,21.31,553,4
1041000,20.97,514,8
1042000,20.99,525,5
1043000,21.12,529,6
1044000,21.25,499,12
1045000,21.09,558,5
1046000,21,527,8
1047000,21,504,4
1048000,21.07,547,3
1049000,21.21,521,10
1050000,21.15,541,9
1051000,21.05,515,10
1052000,21.23,514,5
1053000,21.06,548,8
1054000,21.19,524,9
1055000,21.27,537,14
1056000,21.13,553,6
1057000,21.4,534,6
1058000,21.36,521,8
1059000,21.49,526,7
1060000,21.35,543,5
1061000,21.26,510,11
1062000,21.52,502,7
1063000,21.77,523,7
1064000,21.38,539,9
1065000,21.57,515,11
1066000,21.6,508,9
1067000,21.5,534,4
1068000,21.7,563,9
1069000,21.44,563,9
1070000,21.67,556,7
1071000,21.49,512,6
1072000,21.81,530,6
1073000,21.68,524,8
1074000,21.66,547,4
1075000,21.79,552,3
1076000,21.61,527,8
1077000,21.73,545,7
1078000,21.77,563,8
1079000,21.83,547,3
1080000,21.86,554,4
1081000,21.72,546,6
1082000,21.99,552,9
1083000,21.88,548,9
1084000,21.74,551,4
1085000,21.98,547,7
1086000,21.83,576,10
1087000,22.1,519,12
1088000,21.9,560,8
1089000,22.08,539,7
1090000,21.96,546,6
1091000,21.85,523,6
1092000,22.03,541,5
1093000,22.22,552,6
1094000,22.15,569,6
1095000,22.15,535,9
1096000,22.17,612,11
1097000,22.27,555,11
1098000,22.19,534,11
1099000,22.15,553,5
1100000,22.21,554,11
1101000,22.12,569,5
1102000,22.37,558,6
1103000,22.32,543,7
1104000,22.32,518,9
1105000,22.39,579,6
1106000,22.37,550,6
1107000,22.37,554,3
1108000,22.42,547,7
1109000,22.37,587,7
1110000,22.61,544,10
1111000,22.53,607,5
1112000,22.38,585,3
1113000,22.46,567,7
1114000,22.52,566,8
1115000,22.47,541,9
1116000,22.51,521,14
1117000,22.56,531,6
1118000,22.7,599,10
1119000,22.56,540,6
1120000,22.59,523,8
1121000,22.69,568,2
1122000,22.57,586,12
1123000,22.75,572,6
1124000,22.71,572,5
1125000,22.75,539,9
1126000,22.63,536,13
1127000,22.85,518,8
1128000,22.82,555,6
1129000,22.79,573,9
1130000,22.97,582,9
1131000,22.93,566,7
1132000,22.79,538,5
1133000,22.92,541,11
1134000,22.83,607,7
1135000,23.01,590,5
1136000,22.84,575,7
1137000,22.95,608,7
1138000,22.93,543,8
1139000,23.24,582,6
1140000,23.01,553,6
1141000,23.09,599,9
1142000,23.12,605,9
1143000,23.11,563,8
1144000,23.02,587,9
1145000,23.18,557,11
1146000,23.01,573,9
1147000,23.22,556,10
1148000,23.28,588,10
1149000,23.21,542,8
1150000,23.37,576,3
1151000,23.09,575,1
1152000,23.3,604,5
1153000,23.25,586,6
1154000,23.35,564,4
1155000,23.35,632,4
1156000,23.27,581,6
1157000,23.45,591,3
1158000,23.37,544,11
1159000,23.5,608,8
1160000,23.3,618,10
1161000,23.58,597,11
1162000,23.51,571,7
1163000,23.52,597,6
1164000,23.47,611,7
1165000,23.33,577,10
1166000,23.37,566,4
1167000,23.59,555,5
1168000,23.52,588,6
1169000,23.55,601,11
1170000,23.63,558,8
1171000,23.61,565,9
1172000,23.62,603,8
1173000,23.63,636,6
1174000,23.71,627,6
1175000,23.88,593,6
1176000,23.61,625,8
1177000,23.74,619,3
1178000,23.89,578,8
1179000,23.87,597,11
1180000,23.93,653,6
1181000,23.61,592,5
1182000,23.87,565,5
1183000,24,599,8
1184000,24.07,609,6
1185000,23.89,638,7
1186000,23.94,606,8
1187000,23.98,590,7
1188000,24.01,622,8
1189000,24.18,605,6
1190000,24.06,605,12
1191000,23.9,593,4
1192000,24.16,633,9
1193000,24.1,576,8
1194000,24.07,625,4
1195000,24.14,590,8
1196000,24.1,578,6
1197000,24.21,591,6
1198000,24.2,653,9
1199000,24.24,619,8
1200000,24.21,603,3
1201000,24.23,602,9
1202000,24.28,616,5
1203000,24.22,593,6
1204000,24.35,578,4
1205000,24.37,594,10
1206000,24.41,610,9
1207000,24.25,611,8
1208000,24.28,609,6
1209000,24.55,608,6
1210000,24.49,641,5
1211000,24.65,639,5
1212000,24.62,626,8
1213000,24.54,600,7
1214000,24.55,674,7
1215000,24.46,580,8
1216000,24.5,586,9
1217000,24.45,621,5
1218000,24.6,638,4
1219000,24.57,622,10
1220000,24.67,602,9
1221000,24.63,635,12
1222000,24.73,622,7
1223000,24.87,579,6
1224000,24.71,649,10
1225000,24.52,595,8
1226000,24.71,567,5
1227000,24.85,625,7
1228000,24.95,647,6
1229000,24.84,645,3
1230000,24.7,627,7
1231000,25.15,619,8
1232000,25.1,658,12
1233000,24.86,626,6
1234000,24.86,586,13
1235000,24.91,593,9
1236000,24.77,600,9
1237000,25.08,656,7
1238000,25.07,586,7
1239000,25.01,623,14
1240000,24.93,630,8
1241000,24.92,632,13
1242000,25.08,635,5
1243000,25.01,641,4
1244000,25.12,610,8
1245000,25.03,569,3
1246000,25.11,634,11
1247000,25.27,664,6
1248000,25.25,610,5
1249000,25.25,614,11
1250000,25.28,610,6
1251000,25.19,662,6
1252000,25.25,666,5
1253000,25.38,651,6
1254000,25.47,615,10
1255000,25.37,627,4
1256000,25.43,656,12
1257000,25.4,647,3
1258000,25.48,652,7
1259000,25.47,641,9
1260000,25.34,575,9
1261000,25.45,633,6
1262000,25.6,617,7
1263000,25.4,639,9
1264000,25.28,671,5
1265000,25.79,632,7
1266000,25.59,644,5
1267000,25.52,630,6
1268000,25.65,647,8
1269000,25.41,638,5
1270000,25.63,691,8
1271000,25.68,672,8
1272000,25.63,682,7
1273000,25.75,649,8
1274000,25.51,595,10
1275000,25.63,618,8
1276000,25.74,614,12
1277000,25.92,668,5
1278000,25.86,642,3
1279000,25.73,629,6
1280000,26.07,670,14
1281000,25.9,668,10
1282000,25.9,699,8
1283000,25.89,635,7
1284000,26.08,677,2
1285000,26,638,10
1286000,26.02,658,8
1287000,26.14,659,5
1288000,25.95,640,11
1289000,26.18,685,11
1290000,26.13,686,10
1291000,25.98,664,13
1292000,26.22,666,7
1293000,26.09,634,9
1294000,26.15,621,13
1295000,26.17,655,10
1296000,26.22,669,4
1297000,26.24,637,9
1298000,26.24,676,6
1299000,26.48,672,5
1300000,26.32,668,4
1301000,26.11,650,6
1302000,26.42,651,6
1303000,26.3,649,7
1304000,26.31,642,8
1305000,26.33,686,10
1306000,26.37,664,6
1307000,26.39,674,6
1308000,26.44,647,7
1309000,26.52,644,5
1310000,26.43,631,4
1311000,26.48,661,9
1312000,26.64,655,6
1313000,26.52,676,8
1314000,26.54,702,9
1315000,26.62,677,8
1316000,26.52,678,9
1317000,26.76,703,7
1318000,26.62,670,7
1319000,26.74,649,9
1320000,26.77,652,14
1321000,26.8,637,8
1322000,26.64,648,7
1323000,26.61,642,10
1324000,26.75,659,10
1325000,26.51,629,2
1326000,26.83,668,11
1327000,26.78,648,10
1328000,26.89,678,10
1329000,26.96,629,12
1330000,26.78,668,5
1331000,26.86,671,3
1332000,26.78,662,6
1333000,26.81,692,9
1334000,26.85,648,2
1335000,27.09,712,4
1336000,27.07,683,5
1337000,26.81,638,12
1338000,26.91,695,4
1339000,26.97,683,11
1340000,27.15,681,4
1341000,26.83,646,8
1342000,27.08,693,8
1343000,27.11,699,8
1344000,27.29,694,4
1345000,27.06,695,8
1346000,27.08,701,4
1347000,27.13,680,3
1348000,27.21,679,5
1349000,27.11,662,6
1350000,27.31,634,8
1351000,27.33,660,10
1352000,27.44,667,4
1353000,27.3,674,1
1354000,27.29,696,8
1355000,27.33,688,6
1356000,27.52,717,10
1357000,27.29,697,5
1358000,27.39,676,7
1359000,27.41,691,4
1360000,27.34,689,7
1361000,27.5,678,8
1362000,27.57,712,11
1363000,27.53,719,7
1364000,27.66,706,7
1365000,27.4,684,8
1366000,27.54,702,4
1367000,27.55,702,5
1368000,27.63,679,5
1369000,27.47,713,6
1370000,27.69,692,13
1371000,27.52,752,9
1372000,27.73,686,12
1373000,27.81,685,6
1374000,27.86,683,6
1375000,27.77,697,10
1376000,27.78,660,4
1377000,27.99,727,5
1378000,27.65,718,4
1379000,27.95,669,11
1380000,27.78,682,5
1381000,27.96,776,8
1382000,27.86,647,9
1383000,27.74,644,4
1384000,27.77,677,11
1385000,27.93,699,9
1386000,27.88,691,11
1387000,28.01,723,8
1388000,28.1,705,11
1389000,28.03,741,11
1390000,28.24,722,9
1391000,27.87,668,5
1392000,28.18,703,10
1393000,28.21,701,7
1394000,28.02,673,11
1395000,28.39,712,15
1396000,27.95,700,6
1397000,28.13,671,8
1398000,27.98,704,6
1399000,28.05,665,7
1400000,28.33,740,6
1401000,28.2,706,9
1402000,28.19,672,2
1403000,28.38,702,7
1404000,28.2,696,10
1405000,28.37,722,6
1406000,28.29,738,7
1407000,28.45,693,10
1408000,28.35,708,10
1409000,28.43,666,11
1410000,28.42,692,9
1411000,28.38,714,6
1412000,28.53,705,10
1413000,28.44,712,6
1414000,28.59,742,7
1415000,28.57,732,8
1416000,28.69,735,11
1417000,28.58,708,8
1418000,28.66,700,5
1419000,28.48,705,6
1420000,28.76,682,13
1421000,28.68,695,10
1422000,28.93,736,13
1423000,28.74,706,7
1424000,28.76,724,5
1425000,28.65,708,8
1426000,28.83,736,5
1427000,28.58,700,8
1428000,28.8,721,4
1429000,28.82,736,10
1430000,28.98,750,4
1431000,28.93,740,8
1432000,28.94,717,8
1433000,28.99,696,9
1434000,29.06,744,7
1435000,28.92,725,3
1436000,29.11,710,6
1437000,28.92,739,4
1438000,28.98,738,7
1439000,29.04,779,4
1440000,28.95,756,13
1441000,29.05,756,7
1442000,29,687,7
1443000,29.21,741,6
1444000,29.29,727,11
1445000,29.15,724,9
1446000,29.22,719,5
1447000,29.4,759,11
1448000,29.37,721,8
1449000,29.21,755,2
1450000,29.21,730,7
1451000,29.34,731,5
1452000,29.4,734,11
1453000,29.37,712,8
1454000,29.28,729,4
1455000,29.43,766,11
1456000,29.49,738,7
1457000,29.37,752,4
1458000,29.49,743,2
1459000,29.66,726,6
1460000,29.44,752,11
1461000,29.55,736,7
1462000,29.57,758,11
1463000,29.55,766,12
1464000,29.67,756,5
1465000,29.68,758,6
1466000,29.56,747,6
1467000,29.49,752,10
1468000,29.69,748,9
1469000,29.7,727,7
1470000,29.7,777,10
1471000,29.69,746,12
1472000,29.8,747,5
1473000,29.69,775,5
1474000,29.6,744,6
1475000,29.68,747,5
1476000,29.83,727,6
1477000,29.79,787,9
1478000,29.83,747,6
1479000,29.85,737,9
1480000,29.86,700,5
1481000,30.07,751,6
1482000,29.94,720,8
1483000,29.96,732,4
1484000,29.95,756,5
1485000,29.91,757,5
1486000,29.89,766,7
1487000,30.05,741,8
1488000,29.95,759,7
1489000,30.13,708,7
1490000,30.17,789,7
1491000,30.19,754,10
1492000,30.11,781,8
1493000,30.26,758,7
1494000,30.11,746,7
1495000,30.2,722,8
1496000,30.04,747,9
1497000,30.11,669,10
1498000,30.31,727,4
1499000,30.39,758,10
1500000,30.43,744,13
1501000,30.28,733,8
1502000,30.17,745,6
1503000,30.31,770,10
1504000,30.32,721,10
1505000,30.38,757,11
1506000,30.6,777,6
1507000,30.54,762,6
1508000,30.54,782,7
1509000,30.46,724,5
1510000,30.6,717,9
1511000,30.48,778,12
1512000,30.48,748,4
1513000,30.72,734,9
1514000,30.59,779,5
1515000,30.72,758,8
1516000,30.58,786,8
1517000,30.48,767,10
1518000,30.6,765,7
1519000,30.57,733,12
1520000,30.65,743,12
1521000,30.8,769,10
1522000,30.65,745,3
1523000,30.73,822,5
1524000,30.89,792,7
1525000,30.71,760,9
1526000,30.88,783,8
1527000,30.69,746,9
1528000,30.9,809,4
1529000,30.77,782,8
1530000,31.02,798,8
1531000,30.82,802,12
1532000,30.88,817,2
1533000,31,765,6
1534000,31.01,789,11
1535000,30.9,750,8
1536000,30.92,782,5
1537000,31.23,750,2
1538000,31.07,819,7
1539000,30.95,783,6
1540000,31.19,762,17
1541000,31.1,758,10
1542000,31.14,771,7
1543000,31.05,739,13
1544000,31.46,770,8
1545000,31.18,782,8
1546000,31.09,803,9
1547000,31.12,721,9
1548000,31.26,744,7
1549000,31.25,800,9
1550000,31.49,812,9
1551000,31.26,851,6
1552000,31.39,774,7
1553000,31.41,805,14
1554000,31.34,769,5
1555000,31.33,750,10
1556000,31.38,800,6
1557000,31.49,785,9
1558000,31.42,785,8
1559000,31.55,789,8
1560000,31.47,770,9
1561000,31.53,767,10
1562000,31.55,762,9
1563000,31.5,808,6
1564000,31.43,740,8
1565000,31.56,808,8
1566000,31.68,821,12
1567000,31.57,755,9
1568000,31.69,801,2
1569000,31.53,817,17
1570000,31.46,794,10
1571000,31.63,762,13
1572000,31.54,744,10
1573000,31.93,797,5
1574000,31.84,796,14
1575000,31.76,779,7
1576000,31.86,807,8
1577000,32.03,771,3
1578000,31.77,833,7
1579000,31.72,771,5
1580000,31.9,809,11
1581000,31.76,815,9
1582000,31.93,812,10
1583000,32.05,852,3
1584000,31.98,819,9
1585000,32.03,825,12
1586000,32.16,824,5
1587000,32.1,823,8
1588000,32.07,781,4
1589000,32.02,795,9
1590000,32.14,839,12
1591000,32.08,753,8
1592000,32.03,767,6
1593000,32.19,801,13
1594000,32.21,810,5
1595000,32.19,822,12
1596000,32,807,13
1597000,32.36,819,10
1598000,32.3,809,11
1599000,32.35,813,6
1600000,32.39,848,13
1601000,32.41,791,15
1602000,32.42,807,8
1603000,32.33,766,13
1604000,32.43,786,8
1605000,32.34,738,15
1606000,32.39,808,11
1607000,32.55,831,10
1608000,32.3,812,12
1609000,32.49,761,9
1610000,32.49,854,9
1611000,32.39,801,9
1612000,32.53,816,8
1613000,32.58,791,15
1614000,32.57,807,6
1615000,32.73,853,8
1616000,32.68,862,3
1617000,32.53,826,8
1618000,32.8,863,12
1619000,32.65,790,8
1620000,32.65,809,13
1621000,32.82,804,8
1622000,32.85,840,11
1623000,32.86,804,8
1624000,32.7,808,13
1625000,33.02,793,7
1626000,33.07,847,12
1627000,32.9,825,14
1628000,32.89,856,4
1629000,32.92,835,13
1630000,32.98,776,7
1631000,32.81,804,12
1632000,32.95,816,9
1633000,32.95,809,12
1634000,32.96,866,6
1635000,33.2,862,11
1636000,33.14,801,6
1637000,33.17,814,12
1638000,33.04,822,10
1639000,33.2,808,10
1640000,33.19,813,5
1641000,32.99,852,9
1642000,32.93,880,4
1643000,33.35,865,6
1644000,33.38,854,9
1645000,33.29,886,13
1646000,33.29,815,6
1647000,33.34,827,12
1648000,33.19,836,4
1649000,33.36,819,10
1650000,33.58,868,10
1651000,33.34,846,7
1652000,33.32,779,7
1653000,33.58,844,7
1654000,33.44,848,11
1655000,33.38,843,7
1656000,33.45,871,6
1657000,33.56,850,5
1658000,33.42,851,6
1659000,33.46,802,8
1660000,33.53,808,10
1661000,33.56,861,7
1662000,33.57,792,10
1663000,33.47,855,12
1664000,33.6,800,10
1665000,33.71,840,8
1666000,33.61,800,15
1667000,33.57,822,5
1668000,33.67,843,9
1669000,33.76,808,13
1670000,33.76,835,9
1671000,33.65,817,10
1672000,33.72,850,8
1673000,33.82,844,10
1674000,33.81,854,10
1675000,33.9,828,11
1676000,33.98,863,10
1677000,34.01,851,6
1678000,33.98,844,9
1679000,34.01,847,8
1680000,33.83,843,14
1681000,33.97,805,6
1682000,34.1,863,7
1683000,34.06,830,5
1684000,34.2,870,10
1685000,33.99,840,10
1686000,34.16,861,10
1687000,34.04,897,5
1688000,34.15,888,14
1689000,34.18,857,11
1690000,34.25,888,5
1691000,34.17,855,12
1692000,34.11,889,8
1693000,33.97,824,9
1694000,34.05,910,6
1695000,34.07,832,8
1696000,34.18,875,14
1697000,34.31,883,4
1698000,34.43,884,9
1699000,34.31,849,6
1700000,34.33,945,9
1701000,34.49,840,7
1702000,34.49,858,8
1703000,34.32,865,3
1704000,34.49,865,13
1705000,34.41,897,9
1706000,34.38,844,6
1707000,34.3,859,9
1708000,34.4,873,12
1709000,34.44,830,6
1710000,34.61,886,9
1711000,34.69,844,11
1712000,34.56,846,13
1713000,34.53,885,11
1714000,34.61,841,7
1715000,34.78,884,7
1716000,34.47,850,9
1717000,34.64,863,9
1718000,34.66,882,7
1719000,34.66,858,14
1720000,34.77,844,4
1721000,34.48,855,5
1722000,34.93,837,15
1723000,34.89,856,8
1724000,34.84,889,7
1725000,34.79,855,10
1726000,34.8,858,9
1727000,34.9,868,8
1728000,35.08,884,8
1729000,34.93,889,11
1730000,34.92,881,6
1731000,34.93,887,7
1732000,34.71,873,12
1733000,34.82,846,10
1734000,35.04,869,9
1735000,35.02,866,7
1736000,35.14,892,8
1737000,35.1,882,6
1738000,35.01,874,9
1739000,35.02,842,9
1740000,34.92,859,13
1741000,35.15,915,7
1742000,35.27,863,10
1743000,35.23,901,17
1744000,35.13,884,8
1745000,35.19,887,6
1746000,35.32,869,8
1747000,35.46,876,7
1748000,35.28,950,11
1749000,35.43,884,7
1750000,35.24,894,8
1751000,35.32,898,9
1752000,35.29,845,7
1753000,35.39,868,8
1754000,35.37,886,14
1755000,35.37,912,7
1756000,35.27,917,8
1757000,35.44,878,10
1758000,35.53,878,8
1759000,35.49,861,6
1760000,35.55,915,8
1761000,35.63,944,14
1762000,35.66,886,9
1763000,35.51,889,5
1764000,35.62,886,11
1765000,35.63,935,14
1766000,35.69,911,13
1767000,35.74,846,12
1768000,35.66,881,10
1769000,35.81,873,9
1770000,35.66,886,8
1771000,35.66,894,13
1772000,35.67,965,11
1773000,35.81,912,7
1774000,35.73,913,9
1775000,35.83,901,10
1776000,36,920,10
1777000,35.97,868,4
1778000,36.02,910,11
1779000,35.96,893,7
1780000,35.9,868,15
1781000,35.9,868,8
1782000,36.1,929,8
1783000,36.05,887,13
1784000,36.01,975,13
1785000,35.98,867,7
1786000,36.17,898,9
1787000,36.28,927,11
1788000,36.16,873,11
1789000,36.26,927,9
1790000,36.18,926,8
1791000,36.17,898,11
1792000,36.16,913,5
1793000,36.21,880,10
1794000,36.4,938,11
1795000,36.2,927,8
1796000,36.14,926,10
1797000,36.21,893,8
1798000,36.55,880,5
1799000,36.24,907,11
1800000,36.36,914,9
1801000,36.42,929,5
1802000,36.43,913,8
1803000,36.4,879,8
1804000,36.36,880,9
1805000,36.62,938,7
1806000,36.37,914,10
1807000,36.47,890,10
1808000,36.41,903,10
1809000,36.52,939,12
1810000,36.49,870,7
1811000,36.55,915,8
1812000,36.36,956,2
1813000,36.61,955,9
1814000,36.65,936,8
1815000,36.61,927,15
1816000,36.49,915,7
1817000,36.72,947,9
1818000,36.75,919,10
1819000,36.7,924,8
1820000,36.88,859,12
1821000,36.86,924,8
1822000,36.94,872,17
1823000,36.78,973,6
1824000,36.95,902,12
1825000,36.78,873,7
1826000,36.82,912,11
1827000,37.08,917,14
1828000,36.79,870,9
1829000,36.94,939,4
1830000,36.91,885,7
1831000,37.01,916,8
1832000,37.05,949,8
1833000,37.03,923,10
1834000,37.1,915,15
1835000,36.99,939,12
1836000,36.8,939,16
1837000,37.21,982,8
1838000,37.21,916,8
1839000,37.04,906,3
1840000,37.24,940,10
1841000,37.09,984,8
1842000,37.18,903,13
1843000,37.11,946,12
1844000,37.11,1004,11
1845000,37.54,915,10
1846000,37.26,930,9
1847000,37.34,964,5
1848000,37.21,953,8
1849000,37.34,913,11
1850000,37.33,902,9
1851000,37.44,933,12
1852000,37.22,1004,8
1853000,37.46,932,6
1854000,37.45,907,12
1855000,37.65,923,10
1856000,37.28,930,9
1857000,37.28,877,12
1858000,37.65,968,7
1859000,37.56,915,10
1860000,37.64,894,8
1861000,37.44,949,14
1862000,37.69,934,7
1863000,37.68,935,11
1864000,37.67,989,8
1865000,37.65,988,9
1866000,37.55,936,6
1867000,37.64,1006,7
1868000,37.92,957,10
1869000,37.55,981,11
1870000,37.61,915,8
1871000,37.72,956,12
1872000,37.81,961,7
1873000,37.89,887,10
1874000,37.83,957,11
1875000,37.92,947,10
1876000,37.82,919,8
1877000,37.86,936,9
1878000,37.75,886,14
1879000,37.8,936,7
1880000,38.01,947,9
1881000,37.91,945,11
1882000,38.07,953,7
1883000,38.08,976,7
1884000,38.05,987,8
1885000,38.09,941,10
1886000,38.18,959,9
1887000,38.05,971,12
1888000,38.13,930,9
1889000,38.32,943,10
1890000,38.3,939,10
1891000,38.08,997,9
1892000,38.15,996,10
1893000,38.08,951,12
1894000,38.22,973,10
1895000,38.3,965,11
1896000,38.3,919,8
1897000,38.13,976,11
1898000,38.18,958,8
1899000,38.26,975,6
1900000,38.49,968,11
1901000,38.54,976,11
1902000,38.23,942,12
1903000,38.41,948,9
1904000,38.42,960,8
1905000,38.37,987,4
1906000,38.47,995,11
1907000,38.57,924,12
1908000,38.36,985,5
1909000,38.75,997,9
1910000,38.37,1004,8
1911000,38.65,957,10
1912000,38.45,965,12
1913000,38.63,914,9
1914000,38.66,937,15
1915000,38.63,938,9
1916000,38.6,980,10
1917000,38.76,1003,9
1918000,38.76,975,16
1919000,38.75,992,6
1920000,38.84,983,8
1921000,38.84,1003,12
1922000,38.81,932,10
1923000,38.84,979,10
1924000,39.06,1003,8
1925000,38.61,926,9
1926000,38.91,946,12
1927000,38.97,965,11
1928000,39.19,1019,11
1929000,39.05,1005,11
1930000,38.95,1008,8
1931000,38.97,981,7
1932000,38.9,933,11
1933000,39.09,958,7
1934000,39.03,1012,6
1935000,39.12,996,7
1936000,38.95,987,7
1937000,39,991,12
1938000,39.24,943,8
1939000,39.1,965,10
1940000,39.04,968,7
1941000,39.21,939,9
1942000,39.39,927,10
1943000,39.23,1019,9
1944000,39.15,979,5
1945000,39.45,990,10
1946000,39.42,1000,9
1947000,39.43,995,11
1948000,39.46,995,12
1949000,39.36,1003,10
1950000,39.33,1015,13
1951000,39.4,1014,13
1952000,39.42,994,15
1953000,39.54,980,11
1954000,39.57,977,13
1955000,39.39,1026,9
1956000,39.43,1003,13
1957000,39.57,964,12
1958000,39.52,1015,12
1959000,39.47,960,12
1960000,39.44,939,7
1961000,39.73,986,16
1962000,39.56,969,18
1963000,39.41,988,10
1964000,39.72,1019,15
1965000,39.77,975,7
1966000,39.91,1025,9
1967000,39.61,1018,11
1968000,39.92,995,9
1969000,39.94,1028,10
1970000,39.79,1027,7
1971000,39.82,1047,5
1972000,39.65,996,8
1973000,39.82,1012,11
1974000,39.92,1008,13
1975000,39.83,1042,6
1976000,39.9,953,7
1977000,39.87,963,15
1978000,40,1003,10
1979000,39.79,998,17
1980000,40.02,1050,12
1981000,40.29,972,11
1982000,39.92,1023,5
1983000,40.11,1029,12
1984000,40.06,1073,10
1985000,40.17,1023,11
1986000,40.23,983,14
1987000,40.14,995,9
1988000,40.22,960,8
1989000,40.18,1000,11
1990000,40.3,993,10
1991000,40.43,1027,5
1992000,40.27,1002,11
1993000,40.35,1023,9
1994000,40.33,941,10
1995000,40.23,1026,11
1996000,40.26,996,15
1997000,40.26,999,11
1998000,40.34,975,16
1999000,40.31,1031,14
